{
    "counter": {
        "ACTIVE": 19914,
        "INACTIVE": 1086,
        "INVALID": 0,
        "MALICIOUS": 0,
        "SANE": 0,
        "VALID": 0,
        "total": 21000
    },
    "percentage": {
        "ACTIVE": 94.82857142857142,
        "INACTIVE": 5.171921135346223,
        "INVALID": 0,
        "MALICIOUS": 0,
        "SANE": 0,
        "VALID": 0,
        "total": 100.00049256391765
    }
}