{
    "counter": {
        "ACTIVE": 19373,
        "INACTIVE": 1626,
        "INVALID": 1,
        "MALICIOUS": 0,
        "SANE": 0,
        "VALID": 0,
        "total": 21000
    },
    "percentage": {
        "ACTIVE": 92.25238095238095,
        "INACTIVE": 7.751346713066692,
        "INVALID": 0.005101260011222772,
        "MALICIOUS": 0,
        "SANE": 0,
        "VALID": 0,
        "total": 100.00882892545886
    }
}