{
    "counter": {
        "ACTIVE": 16849,
        "INACTIVE": 4150,
        "INVALID": 1,
        "MALICIOUS": 0,
        "SANE": 0,
        "VALID": 0,
        "total": 21000
    },
    "percentage": {
        "ACTIVE": 80.23333333333333,
        "INACTIVE": 19.768494259991424,
        "INVALID": 0.00877654906090925,
        "MALICIOUS": 0,
        "SANE": 0,
        "VALID": 0,
        "total": 100.01060414238567
    }
}