{
    "counter": {
        "ACTIVE": 19193,
        "INACTIVE": 1806,
        "INVALID": 1,
        "MALICIOUS": 0,
        "SANE": 0,
        "VALID": 0,
        "total": 21000
    },
    "percentage": {
        "ACTIVE": 91.3952380952381,
        "INACTIVE": 8.609429375029794,
        "INVALID": 0.005101260011222772,
        "MALICIOUS": 0,
        "SANE": 0,
        "VALID": 0,
        "total": 100.0097687302791
    }
}