{
    "counter": {
        "ACTIVE": 18942,
        "INACTIVE": 2057,
        "INVALID": 1,
        "MALICIOUS": 0,
        "SANE": 0,
        "VALID": 0,
        "total": 21000
    },
    "percentage": {
        "ACTIVE": 90.2,
        "INACTIVE": 9.805977975878342,
        "INVALID": 0.005101260011222772,
        "MALICIOUS": 0,
        "SANE": 0,
        "VALID": 0,
        "total": 100.01107923588957
    }
}