{
    "counter": {
        "ACTIVE": 19133,
        "INACTIVE": 1866,
        "INVALID": 1,
        "MALICIOUS": 0,
        "SANE": 0,
        "VALID": 0,
        "total": 21000
    },
    "percentage": {
        "ACTIVE": 91.10952380952381,
        "INACTIVE": 8.895456929017495,
        "INVALID": 0.005101260011222772,
        "MALICIOUS": 0,
        "SANE": 0,
        "VALID": 0,
        "total": 100.01008199855252
    }
}