{
    "counter": {
        "ACTIVE": 18862,
        "INACTIVE": 2137,
        "INVALID": 1,
        "MALICIOUS": 0,
        "SANE": 0,
        "VALID": 0,
        "total": 21000
    },
    "percentage": {
        "ACTIVE": 89.81904761904762,
        "INACTIVE": 10.177159729498047,
        "INVALID": 0.005101260011222772,
        "MALICIOUS": 0,
        "SANE": 0,
        "VALID": 0,
        "total": 100.00130860855688
    }
}