{
    "counter": {
        "ACTIVE": 16619,
        "INACTIVE": 4381,
        "INVALID": 0,
        "MALICIOUS": 0,
        "SANE": 0,
        "VALID": 0,
        "total": 21000
    },
    "percentage": {
        "ACTIVE": 79.13809523809523,
        "INACTIVE": 20.86687306501548,
        "INVALID": 0,
        "MALICIOUS": 0,
        "SANE": 0,
        "VALID": 0,
        "total": 100.00496830311072
    }
}