{
    "counter": {
        "ACTIVE": 17559,
        "INACTIVE": 3440,
        "INVALID": 1,
        "MALICIOUS": 0,
        "SANE": 0,
        "VALID": 0,
        "total": 21000
    },
    "percentage": {
        "ACTIVE": 83.61428571428571,
        "INACTIVE": 16.38095238095238,
        "INVALID": 0.004761904761904762,
        "MALICIOUS": 0.0,
        "SANE": 0.0,
        "VALID": 0.0,
        "total": 100.0
    }
}